{"cameraMode":{"drawMode":0,"name":"Shaded","section":"Shading Mode"},"sceneLighting":true,"audioPlay":false,"sceneViewState":{"m_AlwaysRefresh":false,"showFog":true,"showSkybox":true,"showFlares":true,"showImageEffects":true,"showParticleSystems":true,"showVisualEffectGraphs":true,"m_FxEnabled":true},"in2DMode":false,"pivot":{"x":5.595082759857178,"y":4.4770731925964359,"z":-0.11447620391845703},"rotation":{"x":0.07730107009410858,"y":0.8954498171806336,"z":-0.1715715080499649,"w":0.40343374013900759},"size":5.442041397094727,"orthographic":false}