{"cameraMode":{"drawMode":0,"name":"Shaded","section":"Shading Mode"},"sceneLighting":false,"audioPlay":false,"sceneViewState":{"m_AlwaysRefresh":false,"showFog":false,"showSkybox":false,"showFlares":false,"showImageEffects":false,"showParticleSystems":false,"showVisualEffectGraphs":true,"m_FxEnabled":true},"in2DMode":false,"pivot":{"x":-0.3673378527164459,"y":0.8188208341598511,"z":0.06444203853607178},"rotation":{"x":0.004856267012655735,"y":-0.9939985275268555,"z":0.049550872296094897,"w":0.09751564264297486},"size":0.9780354499816895,"orthographic":false}